"filename", "language", "YAML", "Properties", "C++", "XML", "JSON", "Markdown", "Dart", "Swift", "HTML", "comment", "blank", "total"
"/Applications/projects/flutter_projects/firedrop/README.md", "Markdown", 0, 0, 0, 0, 0, 10, 0, 0, 0, 0, 7, 17
"/Applications/projects/flutter_projects/firedrop/analysis_options.yaml", "YAML", 3, 0, 0, 0, 0, 0, 0, 0, 0, 22, 4, 29
"/Applications/projects/flutter_projects/firedrop/android/app/google-services.json", "JSON", 0, 0, 0, 0, 29, 0, 0, 0, 0, 0, 0, 29
"/Applications/projects/flutter_projects/firedrop/android/app/src/debug/AndroidManifest.xml", "XML", 0, 0, 0, 7, 0, 0, 0, 0, 0, 0, 1, 8
"/Applications/projects/flutter_projects/firedrop/android/app/src/main/AndroidManifest.xml", "XML", 0, 0, 0, 45, 0, 0, 0, 0, 0, 0, 2, 47
"/Applications/projects/flutter_projects/firedrop/android/app/src/main/res/drawable-v21/launch_background.xml", "XML", 0, 0, 0, 11, 0, 0, 0, 0, 0, 0, 2, 13
"/Applications/projects/flutter_projects/firedrop/android/app/src/main/res/drawable/launch_background.xml", "XML", 0, 0, 0, 11, 0, 0, 0, 0, 0, 0, 2, 13
"/Applications/projects/flutter_projects/firedrop/android/app/src/main/res/values-night/styles.xml", "XML", 0, 0, 0, 17, 0, 0, 0, 0, 0, 0, 2, 19
"/Applications/projects/flutter_projects/firedrop/android/app/src/main/res/values/styles.xml", "XML", 0, 0, 0, 17, 0, 0, 0, 0, 0, 0, 2, 19
"/Applications/projects/flutter_projects/firedrop/android/app/src/profile/AndroidManifest.xml", "XML", 0, 0, 0, 7, 0, 0, 0, 0, 0, 0, 1, 8
"/Applications/projects/flutter_projects/firedrop/android/gradle.properties", "Properties", 0, 2, 0, 0, 0, 0, 0, 0, 0, 0, 1, 3
"/Applications/projects/flutter_projects/firedrop/android/gradle/wrapper/gradle-wrapper.properties", "Properties", 0, 5, 0, 0, 0, 0, 0, 0, 0, 0, 1, 6
"/Applications/projects/flutter_projects/firedrop/firebase.json", "JSON", 0, 0, 0, 0, 1, 0, 0, 0, 0, 0, 0, 1
"/Applications/projects/flutter_projects/firedrop/ios/Runner/AppDelegate.swift", "Swift", 0, 0, 0, 0, 0, 0, 0, 12, 0, 0, 2, 14
"/Applications/projects/flutter_projects/firedrop/ios/Runner/Assets.xcassets/AppIcon.appiconset/Contents.json", "JSON", 0, 0, 0, 0, 122, 0, 0, 0, 0, 0, 1, 123
"/Applications/projects/flutter_projects/firedrop/ios/Runner/Assets.xcassets/LaunchImage.imageset/Contents.json", "JSON", 0, 0, 0, 0, 23, 0, 0, 0, 0, 0, 1, 24
"/Applications/projects/flutter_projects/firedrop/ios/Runner/Assets.xcassets/LaunchImage.imageset/README.md", "Markdown", 0, 0, 0, 0, 0, 3, 0, 0, 0, 0, 2, 5
"/Applications/projects/flutter_projects/firedrop/ios/Runner/Base.lproj/LaunchScreen.storyboard", "XML", 0, 0, 0, 37, 0, 0, 0, 0, 0, 0, 1, 38
"/Applications/projects/flutter_projects/firedrop/ios/Runner/Base.lproj/Main.storyboard", "XML", 0, 0, 0, 26, 0, 0, 0, 0, 0, 0, 1, 27
"/Applications/projects/flutter_projects/firedrop/ios/Runner/Runner-Bridging-Header.h", "C++", 0, 0, 1, 0, 0, 0, 0, 0, 0, 0, 1, 2
"/Applications/projects/flutter_projects/firedrop/ios/RunnerTests/RunnerTests.swift", "Swift", 0, 0, 0, 0, 0, 0, 0, 7, 0, 2, 4, 13
"/Applications/projects/flutter_projects/firedrop/linux/flutter/generated_plugin_registrant.cc", "C++", 0, 0, 7, 0, 0, 0, 0, 0, 0, 4, 5, 16
"/Applications/projects/flutter_projects/firedrop/linux/flutter/generated_plugin_registrant.h", "C++", 0, 0, 5, 0, 0, 0, 0, 0, 0, 5, 6, 16
"/Applications/projects/flutter_projects/firedrop/linux/runner/main.cc", "C++", 0, 0, 5, 0, 0, 0, 0, 0, 0, 0, 2, 7
"/Applications/projects/flutter_projects/firedrop/linux/runner/my_application.cc", "C++", 0, 0, 94, 0, 0, 0, 0, 0, 0, 26, 29, 149
"/Applications/projects/flutter_projects/firedrop/linux/runner/my_application.h", "C++", 0, 0, 17, 0, 0, 0, 0, 0, 0, 0, 5, 22
"/Applications/projects/flutter_projects/firedrop/macos/Flutter/GeneratedPluginRegistrant.swift", "Swift", 0, 0, 0, 0, 0, 0, 0, 16, 0, 3, 4, 23
"/Applications/projects/flutter_projects/firedrop/macos/Runner/AppDelegate.swift", "Swift", 0, 0, 0, 0, 0, 0, 0, 11, 0, 0, 3, 14
"/Applications/projects/flutter_projects/firedrop/macos/Runner/Assets.xcassets/AppIcon.appiconset/Contents.json", "JSON", 0, 0, 0, 0, 68, 0, 0, 0, 0, 0, 1, 69
"/Applications/projects/flutter_projects/firedrop/macos/Runner/Base.lproj/MainMenu.xib", "XML", 0, 0, 0, 343, 0, 0, 0, 0, 0, 0, 1, 344
"/Applications/projects/flutter_projects/firedrop/macos/Runner/MainFlutterWindow.swift", "Swift", 0, 0, 0, 0, 0, 0, 0, 12, 0, 0, 4, 16
"/Applications/projects/flutter_projects/firedrop/macos/RunnerTests/RunnerTests.swift", "Swift", 0, 0, 0, 0, 0, 0, 0, 7, 0, 2, 4, 13
"/Applications/projects/flutter_projects/firedrop/pubspec.yaml", "YAML", 51, 0, 0, 0, 0, 0, 0, 0, 0, 0, 4, 55
"/Applications/projects/flutter_projects/firedrop/test/widget_test.dart", "Dart", 0, 0, 0, 0, 0, 0, 14, 0, 0, 10, 7, 31
"/Applications/projects/flutter_projects/firedrop/web/index.html", "HTML", 0, 0, 0, 0, 0, 0, 0, 0, 31, 0, 8, 39
"/Applications/projects/flutter_projects/firedrop/web/manifest.json", "JSON", 0, 0, 0, 0, 35, 0, 0, 0, 0, 0, 1, 36
"/Applications/projects/flutter_projects/firedrop/windows/flutter/generated_plugin_registrant.cc", "C++", 0, 0, 15, 0, 0, 0, 0, 0, 0, 4, 5, 24
"/Applications/projects/flutter_projects/firedrop/windows/flutter/generated_plugin_registrant.h", "C++", 0, 0, 5, 0, 0, 0, 0, 0, 0, 5, 6, 16
"/Applications/projects/flutter_projects/firedrop/windows/runner/flutter_window.cpp", "C++", 0, 0, 49, 0, 0, 0, 0, 0, 0, 7, 16, 72
"/Applications/projects/flutter_projects/firedrop/windows/runner/flutter_window.h", "C++", 0, 0, 20, 0, 0, 0, 0, 0, 0, 5, 9, 34
"/Applications/projects/flutter_projects/firedrop/windows/runner/main.cpp", "C++", 0, 0, 30, 0, 0, 0, 0, 0, 0, 4, 10, 44
"/Applications/projects/flutter_projects/firedrop/windows/runner/resource.h", "C++", 0, 0, 9, 0, 0, 0, 0, 0, 0, 6, 2, 17
"/Applications/projects/flutter_projects/firedrop/windows/runner/utils.cpp", "C++", 0, 0, 54, 0, 0, 0, 0, 0, 0, 2, 10, 66
"/Applications/projects/flutter_projects/firedrop/windows/runner/utils.h", "C++", 0, 0, 8, 0, 0, 0, 0, 0, 0, 6, 6, 20
"/Applications/projects/flutter_projects/firedrop/windows/runner/win32_window.cpp", "C++", 0, 0, 210, 0, 0, 0, 0, 0, 0, 24, 55, 289
"/Applications/projects/flutter_projects/firedrop/windows/runner/win32_window.h", "C++", 0, 0, 48, 0, 0, 0, 0, 0, 0, 31, 24, 103
"Total", "-", 54, 7, 577, 521, 278, 13, 14, 65, 31, 168, 265, 1993